<?xml version="1.0" encoding="ISO-8859-1" standalone="no" ?> 
<!DOCTYPE Policies SYSTEM "../dtd/accesscontrolpolicies.dtd">

<Policies>
	<Action Name="Activate" CommandName="Activate"></Action>
	<Action Name="ActivatePhoneView" CommandName="ActivatePhoneView"></Action>
	<Action Name="ActivateSimView" CommandName="ActivateSimView"></Action>
	<Action Name="ActivateUpgradeView" CommandName="ActivateUpgradeView"></Action>
	<Action Name="ActivateTransferView" CommandName="ActivateTransferView"></Action>
	<Action Name="ActivateConfirmation" CommandName="ActivateConfirmation"></Action>
	<Action Name="AjaxMyDevices" CommandName="AjaxMyDevices"></Action>
	<Action Name="AjaxInternationalRoaming" CommandName="AjaxInternationalRoaming"></Action>
	<Action Name="ManageSubscriptionsView" CommandName="ManageSubscriptionsView"></Action>
	<Action Name="ESNOperationsPopView" CommandName="ESNOperationsPopView"></Action>
	<Action Name="RecurringCharges" CommandName="RecurringCharges"></Action>
	<Action Name="RecurringChargesDetails" CommandName="RecurringChargesDetails"></Action>
	<Action Name="BulkActivateDevice" CommandName="BulkActivateDevice"></Action>
	<Action Name="BulkModifyEnroll" CommandName="BulkModifyEnroll"></Action>
	<Action Name="BuyAirtimeView" CommandName="BuyAirtimeView"></Action>
	<Action Name="BulkBuyAirtimeView" CommandName="BulkBuyAirtimeView"></Action>
	<Action Name="BulkBuyAirTimePaymentSlectView" CommandName="BulkBuyAirTimePaymentSlectView"></Action>
	<Action Name="BulkBuyAirtimeReviewView" CommandName="BulkBuyAirtimeReviewView"></Action>
	<Action Name="BulkBuyAirtimeConfirmationView" CommandName="BulkBuyAirtimeConfirmationView"></Action>
	<Action Name="BulkManageSubscriptionReviewView" CommandName="BulkManageSubscriptionReviewView"></Action>
	<Action Name="BulkManageSubscriptionConfirmationView" CommandName="BulkManageSubscriptionConfirmationView"></Action>
	<Action Name="BulkManageSubscriptionEmailView" CommandName="BulkManageSubscriptionEmailView"></Action>
	<Action Name="BulkActivationView" CommandName="BulkActivationView"></Action>
	<Action Name="BulkActivationConfirmationView" CommandName="BulkActivationConfirmationView"></Action>
	<Action Name="BulkActivationEmailView" CommandName="BulkActivationEmailView"></Action>
	<Action Name="BuyAirtimeOrderSummaryView" CommandName="BuyAirtimeOrderSummaryView"></Action>
	<Action Name="BuyAirtimeConfirmationView" CommandName="BuyAirtimeConfirmationView"></Action>
	<Action Name="com.tracfone.commerce.b2b.fleet.commands.TFB2BActivateTransferCmd" CommandName="com.tracfone.commerce.b2b.fleet.commands.TFB2BActivateTransferCmd"></Action>
	<Action Name="com.tracfone.commerce.b2b.fleet.commands.TFESNOperationsCmd" CommandName="com.tracfone.commerce.b2b.fleet.commands.TFESNOperationsCmd"></Action>
	<Action Name="com.tracfone.commerce.b2b.fleet.commands.TFB2BBulkInstanceCreateCmd" CommandName="com.tracfone.commerce.b2b.fleet.commands.TFB2BBulkInstanceCreateCmd"></Action>
	<Action Name="com.tracfone.commerce.b2b.fleet.commands.TFB2BFleetAddBatchSchedulerCmd" CommandName="com.tracfone.commerce.b2b.fleet.commands.TFB2BFleetAddBatchSchedulerCmd"></Action>	
	<Action Name="com.tracfone.commerce.b2b.fleet.commands.TFB2BGetBatchStatusCmd" CommandName="com.tracfone.commerce.b2b.fleet.commands.TFB2BGetBatchStatusCmd"></Action>
	<Action Name="com.tracfone.commerce.b2b.fleet.commands.TFIREnrollmentCmd" CommandName="com.tracfone.commerce.b2b.fleet.commands.TFIREnrollmentCmd"></Action>
	<Action Name="com.tracfone.commerce.b2b.fleet.commands.TFB2BBuyAirtimeCmd" CommandName="com.tracfone.commerce.b2b.fleet.commands.TFB2BBuyAirtimeCmd"></Action>
	<Action Name="com.tracfone.commerce.fleet.migration.commands.TFB2BBulkBuyAirTimeCmd" CommandName="com.tracfone.commerce.fleet.migration.commands.TFB2BBulkBuyAirTimeCmd"></Action>
	<Action Name="com.tracfone.commerce.fleet.migration.commands.TFB2BBulkPaymentMethodCmd" CommandName="com.tracfone.commerce.fleet.migration.commands.TFB2BBulkPaymentMethodCmd"></Action>
	<Action Name="com.tracfone.commerce.fleet.migration.commands.TFB2BBulkBuyAirTimeReviewCmd" CommandName="com.tracfone.commerce.fleet.migration.commands.TFB2BBulkBuyAirTimeReviewCmd"></Action>
	<Action Name="com.tracfone.commerce.fleet.migration.commands.TFB2BBulkBuyAirTimeOrderProcessCmd" CommandName="com.tracfone.commerce.fleet.migration.commands.TFB2BBulkBuyAirTimeOrderProcessCmd"></Action>
	<Action Name="com.tracfone.commerce.fleet.migration.commands.TFB2BBulkManageSubscriptionCmd" CommandName="com.tracfone.commerce.fleet.migration.commands.TFB2BBulkManageSubscriptionCmd"></Action>
	<Action Name="com.tracfone.commerce.fleet.migration.commands.TFB2BBulkManageSubscriptionReviewCmd" CommandName="com.tracfone.commerce.fleet.migration.commands.TFB2BBulkManageSubscriptionReviewCmd"></Action>
	<Action Name="com.tracfone.commerce.fleet.migration.commands.TFB2BBulkManageSubscriptionConfirmationCmd" CommandName="com.tracfone.commerce.fleet.migration.commands.TFB2BBulkManageSubscriptionConfirmationCmd"></Action>
	<Action Name="com.tracfone.commerce.fleet.migration.commands.TFB2BBulkManageSubscriptionSchedulerCmd" CommandName="com.tracfone.commerce.fleet.migration.commands.TFB2BBulkManageSubscriptionSchedulerCmd"></Action>
	<Action Name="com.tracfone.commerce.fleet.migration.commands.TFB2BBulkActivationCmd" CommandName="com.tracfone.commerce.fleet.migration.commands.TFB2BBulkActivationCmd"></Action>
	<Action Name="com.tracfone.commerce.fleet.migration.commands.TFB2BBulkActivationSchedulerCmd" CommandName="com.tracfone.commerce.fleet.migration.commands.TFB2BBulkActivationSchedulerCmd"></Action>
	<Action Name="com.tracfone.commerce.fleet.migration.commands.TFB2BRecurringChargesCmd" CommandName="com.tracfone.commerce.fleet.migration.commands.TFB2BRecurringChargesCmd"></Action>
	
	
	<ActionGroup Name="AllSiteUsersViews" OwnerID="RootOrganization">
		<ActionGroupAction Name="Activate"/>
		<ActionGroupAction Name="ActivatePhoneView"/>
		<ActionGroupAction Name="ActivateSimView"/>
		<ActionGroupAction Name="ActivateUpgradeView"/>
		<ActionGroupAction Name="ActivateTransferView"/>
		<ActionGroupAction Name="ActivateConfirmation"/>
		<ActionGroupAction Name="BuyAirtimeConfirmationView"/>
		<ActionGroupAction Name="com.tracfone.commerce.b2b.fleet.commands.TFB2BActivateTransferCmd"/>
	</ActionGroup>
	<ActionGroup Name="BecomeUserActionGroup" OwnerID="RootOrganization"> 
		<ActionGroupAction Name="com.tracfone.commerce.b2b.fleet.commands.TFB2BActivateTransferCmd"/>
		<ActionGroupAction Name="com.tracfone.commerce.b2b.fleet.commands.TFESNOperationsCmd"/>
		<ActionGroupAction Name="com.tracfone.commerce.b2b.fleet.commands.TFB2BBulkInstanceCreateCmd"/>
		<ActionGroupAction Name="com.tracfone.commerce.b2b.fleet.commands.TFB2BFleetAddBatchSchedulerCmd"/>
		<ActionGroupAction Name="com.tracfone.commerce.b2b.fleet.commands.TFB2BGetBatchStatusCmd"/>
		<ActionGroupAction Name="com.tracfone.commerce.b2b.fleet.commands.TFIREnrollmentCmd"/>
		<ActionGroupAction Name="com.tracfone.commerce.b2b.fleet.commands.TFB2BBuyAirtimeCmd"/>
		<ActionGroupAction Name="com.tracfone.commerce.fleet.migration.commands.TFB2BBulkBuyAirTimeCmd"/>
		<ActionGroupAction Name="com.tracfone.commerce.fleet.migration.commands.TFB2BBulkPaymentMethodCmd"/>
		<ActionGroupAction Name="com.tracfone.commerce.fleet.migration.commands.TFB2BBulkBuyAirTimeReviewCmd"/>
		<ActionGroupAction Name="com.tracfone.commerce.fleet.migration.commands.TFB2BBulkBuyAirTimeOrderProcessCmd"/>
		<ActionGroupAction Name="com.tracfone.commerce.fleet.migration.commands.TFB2BBulkManageSubscriptionCmd"/>
		<ActionGroupAction Name="com.tracfone.commerce.fleet.migration.commands.TFB2BBulkManageSubscriptionReviewCmd"/>
		<ActionGroupAction Name="com.tracfone.commerce.fleet.migration.commands.TFB2BBulkManageSubscriptionConfirmationCmd"/>
		<ActionGroupAction Name="com.tracfone.commerce.fleet.migration.commands.TFB2BBulkManageSubscriptionSchedulerCmd"/>
		<ActionGroupAction Name="com.tracfone.commerce.fleet.migration.commands.TFB2BBulkActivationCmd"/>
		<ActionGroupAction Name="com.tracfone.commerce.fleet.migration.commands.TFB2BBulkActivationSchedulerCmd"/>
		<ActionGroupAction Name="com.tracfone.commerce.fleet.migration.commands.TFB2BRecurringChargesCmd"/>
	</ActionGroup> 
	
	<ActionGroup Name="RegisteredUserViews" OwnerID="RootOrganization">
		<ActionGroupAction Name="RecurringCharges"/>
		<ActionGroupAction Name="RecurringChargesDetails"/>
		<ActionGroupAction Name="AjaxMyDevices"/>		
		<ActionGroupAction Name="ManageSubscriptionsView"/>
		<ActionGroupAction Name="ESNOperationsPopView"/>
		<ActionGroupAction Name="AjaxInternationalRoaming"/>
		<ActionGroupAction Name="BulkActivateDevice"/>
		<ActionGroupAction Name="BulkModifyEnroll"/>
		<ActionGroupAction Name="BuyAirtimeView"/>
		<ActionGroupAction Name="BulkBuyAirtimeView"/>
		<ActionGroupAction Name="BulkBuyAirTimePaymentSlectView"/>
		<ActionGroupAction Name="BulkBuyAirtimeReviewView"/>
		<ActionGroupAction Name="BulkBuyAirtimeConfirmationView"/>
		<ActionGroupAction Name="BulkManageSubscriptionReviewView"/>
		<ActionGroupAction Name="BulkManageSubscriptionConfirmationView"/>
		<ActionGroupAction Name="BulkManageSubscriptionEmailView"/>
		<ActionGroupAction Name="BulkActivationView"/>
		<ActionGroupAction Name="BulkActivationConfirmationView"/>
		<ActionGroupAction Name="BulkActivationEmailView"/>
		<ActionGroupAction Name="BuyAirtimeOrderSummaryView"/>
		<ActionGroupAction Name="BuyAirtimeConfirmationView"/>
		<ActionGroupAction Name="com.tracfone.commerce.b2b.fleet.commands.TFB2BActivateTransferCmd"/>
		<ActionGroupAction Name="com.tracfone.commerce.b2b.fleet.commands.TFESNOperationsCmd"/>
		<ActionGroupAction Name="com.tracfone.commerce.b2b.fleet.commands.TFB2BBulkInstanceCreateCmd"/>
		<ActionGroupAction Name="com.tracfone.commerce.b2b.fleet.commands.TFB2BFleetAddBatchSchedulerCmd"/>
		<ActionGroupAction Name="com.tracfone.commerce.b2b.fleet.commands.TFB2BGetBatchStatusCmd"/>
		<ActionGroupAction Name="com.tracfone.commerce.b2b.fleet.commands.TFIREnrollmentCmd"/>
		<ActionGroupAction Name="com.tracfone.commerce.b2b.fleet.commands.TFB2BBuyAirtimeCmd"/>
		<ActionGroupAction Name="com.tracfone.commerce.fleet.migration.commands.TFB2BBulkBuyAirTimeCmd"/>
		<ActionGroupAction Name="com.tracfone.commerce.fleet.migration.commands.TFB2BBulkPaymentMethodCmd"/>
		<ActionGroupAction Name="com.tracfone.commerce.fleet.migration.commands.TFB2BBulkBuyAirTimeReviewCmd"/>
		<ActionGroupAction Name="com.tracfone.commerce.fleet.migration.commands.TFB2BBulkBuyAirTimeOrderProcessCmd"/>
		<ActionGroupAction Name="com.tracfone.commerce.fleet.migration.commands.TFB2BBulkManageSubscriptionCmd"/>
		<ActionGroupAction Name="com.tracfone.commerce.fleet.migration.commands.TFB2BBulkManageSubscriptionReviewCmd"/>
		<ActionGroupAction Name="com.tracfone.commerce.fleet.migration.commands.TFB2BBulkManageSubscriptionConfirmationCmd"/>
		<ActionGroupAction Name="com.tracfone.commerce.fleet.migration.commands.TFB2BBulkManageSubscriptionSchedulerCmd"/>
		<ActionGroupAction Name="com.tracfone.commerce.fleet.migration.commands.TFB2BBulkActivationCmd"/>
		<ActionGroupAction Name="com.tracfone.commerce.fleet.migration.commands.TFB2BBulkActivationSchedulerCmd"/>
		<ActionGroupAction Name="com.tracfone.commerce.fleet.migration.commands.TFB2BRecurringChargesCmd"/>
	</ActionGroup>
	
	<ResourceCategory Name="com.tracfone.commerce.b2b.fleet.commands.TFB2BActivateTransferCmdResourceCategory"
		ResourceBeanClass="com.tracfone.commerce.b2b.fleet.commands.TFB2BActivateTransferCmd">
		<ResourceAction Name="ExecuteCommand"/>
	</ResourceCategory>
	<ResourceCategory Name="com.tracfone.commerce.b2b.fleet.commands.TFESNOperationsCmdResourceCategory"
		ResourceBeanClass="com.tracfone.commerce.b2b.fleet.commands.TFESNOperationsCmd">
		<ResourceAction Name="ExecuteCommand"/>
	</ResourceCategory>
	<ResourceCategory Name="com.tracfone.commerce.b2b.fleet.commands.TFB2BBulkInstanceCreateCmdResourceCategory"
		ResourceBeanClass="com.tracfone.commerce.b2b.fleet.commands.TFB2BBulkInstanceCreateCmd">
		<ResourceAction Name="ExecuteCommand"/>
	</ResourceCategory>
	<ResourceCategory Name="com.tracfone.commerce.b2b.fleet.commands.TFB2BFleetAddBatchSchedulerCmdCategory"
		ResourceBeanClass="com.tracfone.commerce.b2b.fleet.commands.TFB2BFleetAddBatchSchedulerCmd">
		<ResourceAction Name="ExecuteCommand"/>
	</ResourceCategory>	
	<ResourceCategory Name="com.tracfone.commerce.b2b.fleet.commands.TFB2BGetBatchStatusCmdResourceCategory"
		ResourceBeanClass="com.tracfone.commerce.b2b.fleet.commands.TFB2BGetBatchStatusCmd">
		<ResourceAction Name="ExecuteCommand"/>
	</ResourceCategory>		
	<ResourceCategory Name="com.tracfone.commerce.b2b.fleet.commands.TFIREnrollmentCmdResourceCategory"
		ResourceBeanClass="com.tracfone.commerce.b2b.fleet.commands.TFIREnrollmentCmd">
		<ResourceAction Name="ExecuteCommand"/>
	</ResourceCategory>
	<ResourceCategory Name="com.tracfone.commerce.b2b.fleet.commands.TFB2BBuyAirtimeCmdResourceCategory"
		ResourceBeanClass="com.tracfone.commerce.b2b.fleet.commands.TFB2BBuyAirtimeCmd">
		<ResourceAction Name="ExecuteCommand"/>
	</ResourceCategory>
	<ResourceCategory Name="com.tracfone.commerce.fleet.migration.commands.TFB2BBulkBuyAirTimeCmdResourceCategory"
		ResourceBeanClass="com.tracfone.commerce.fleet.migration.commands.TFB2BBulkBuyAirTimeCmd">
		<ResourceAction Name="ExecuteCommand"/>
	</ResourceCategory>
	<ResourceCategory Name="com.tracfone.commerce.fleet.migration.commands.TFB2BBulkPaymentMethodCmdResourceCategory"
		ResourceBeanClass="com.tracfone.commerce.fleet.migration.commands.TFB2BBulkPaymentMethodCmd">
		<ResourceAction Name="ExecuteCommand"/>
	</ResourceCategory>
	<ResourceCategory Name="com.tracfone.commerce.fleet.migration.commands.TFB2BBulkBuyAirTimeReviewCmdResourceCategory"
		ResourceBeanClass="com.tracfone.commerce.fleet.migration.commands.TFB2BBulkBuyAirTimeReviewCmd">
		<ResourceAction Name="ExecuteCommand"/>
	</ResourceCategory>
	<ResourceCategory Name="com.tracfone.commerce.fleet.migration.commands.TFB2BBulkBuyAirTimeOrderProcessCmdResourceCategory"
		ResourceBeanClass="com.tracfone.commerce.fleet.migration.commands.TFB2BBulkBuyAirTimeOrderProcessCmd">
		<ResourceAction Name="ExecuteCommand"/>
	</ResourceCategory>
	<ResourceCategory Name="com.tracfone.commerce.fleet.migration.commands.TFB2BBulkManageSubscriptionCmdResourceCategory"
	    ResourceBeanClass="com.tracfone.commerce.fleet.migration.commands.TFB2BBulkManageSubscriptionCmd">
	    <ResourceAction Name="ExecuteCommand"/>
	</ResourceCategory>
	<ResourceCategory Name="com.tracfone.commerce.fleet.migration.commands.TFB2BBulkManageSubscriptionReviewCmdResourceCategory"
	    ResourceBeanClass="com.tracfone.commerce.fleet.migration.commands.TFB2BBulkManageSubscriptionReviewCmd">
	    <ResourceAction Name="ExecuteCommand"/>
	</ResourceCategory>
	<ResourceCategory Name="com.tracfone.commerce.fleet.migration.commands.TFB2BBulkManageSubscriptionConfirmationCmdResourceCategory"
	    ResourceBeanClass="com.tracfone.commerce.fleet.migration.commands.TFB2BBulkManageSubscriptionConfirmationCmd">
	    <ResourceAction Name="ExecuteCommand"/>
	 </ResourceCategory>
	<ResourceCategory Name="com.tracfone.commerce.fleet.migration.commands.TFB2BBulkManageSubscriptionSchedulerCmdResourceCategory"
	    ResourceBeanClass="com.tracfone.commerce.fleet.migration.commands.TFB2BBulkManageSubscriptionSchedulerCmd">
	    <ResourceAction Name="ExecuteCommand"/>
	</ResourceCategory>
	<ResourceCategory Name="com.tracfone.commerce.fleet.migration.commands.TFB2BBulkActivationCmdResourceCategory"
	    ResourceBeanClass="com.tracfone.commerce.fleet.migration.commands.TFB2BBulkActivationCmd">
	    <ResourceAction Name="ExecuteCommand"/>
	</ResourceCategory>
	<ResourceCategory Name="com.tracfone.commerce.fleet.migration.commands.TFB2BBulkActivationSchedulerCmdResourceCategory"
	    ResourceBeanClass="com.tracfone.commerce.fleet.migration.commands.TFB2BBulkActivationSchedulerCmd">
	    <ResourceAction Name="ExecuteCommand"/>
	</ResourceCategory>
	<ResourceCategory Name="com.tracfone.commerce.fleet.migration.commands.TFB2BRecurringChargesCmdResourceCategory"
	    ResourceBeanClass="com.tracfone.commerce.fleet.migration.commands.TFB2BRecurringChargesCmd">
	    <ResourceAction Name="ExecuteCommand"/>
	</ResourceCategory>
	<ResourceGroup Name="AllSiteUserCmdResourceGroup"  OwnerID="RootOrganization">
		<ResourceGroupResource Name="com.tracfone.commerce.b2b.fleet.commands.TFB2BActivateTransferCmdResourceCategory" />
		<ResourceGroupResource Name="com.tracfone.commerce.b2b.fleet.commands.TFESNOperationsCmdResourceCategory" />
		<ResourceGroupResource Name="com.tracfone.commerce.b2b.fleet.commands.TFIREnrollmentCmdResourceCategory" />
	</ResourceGroup>
	<ResourceGroup Name="RegisteredUserCmdResourceGroup"  OwnerID="RootOrganization">
		<ResourceGroupResource Name="com.tracfone.commerce.b2b.fleet.commands.TFB2BActivateTransferCmdResourceCategory" /> 
		<ResourceGroupResource Name="com.tracfone.commerce.b2b.fleet.commands.TFESNOperationsCmdResourceCategory" />
		<ResourceGroupResource Name="com.tracfone.commerce.b2b.fleet.commands.TFB2BBulkInstanceCreateCmdResourceCategory" />
		<ResourceGroupResource Name="com.tracfone.commerce.b2b.fleet.commands.TFB2BFleetAddBatchSchedulerCmdCategory" />
		<ResourceGroupResource Name="com.tracfone.commerce.b2b.fleet.commands.TFB2BGetBatchStatusCmdResourceCategory" />
		<ResourceGroupResource Name="com.tracfone.commerce.b2b.fleet.commands.TFIREnrollmentCmdResourceCategory" />
		<ResourceGroupResource Name="com.tracfone.commerce.b2b.fleet.commands.TFB2BBuyAirtimeCmdResourceCategory" />
		<ResourceGroupResource Name="com.tracfone.commerce.fleet.migration.commands.TFB2BBulkBuyAirTimeCmdResourceCategory" />
		<ResourceGroupResource Name="com.tracfone.commerce.fleet.migration.commands.TFB2BBulkPaymentMethodCmdResourceCategory" />
		<ResourceGroupResource Name="com.tracfone.commerce.fleet.migration.commands.TFB2BBulkBuyAirTimeReviewCmdResourceCategory" />
		<ResourceGroupResource Name="com.tracfone.commerce.fleet.migration.commands.TFB2BBulkBuyAirTimeOrderProcessCmdResourceCategory" />
		<ResourceGroupResource Name="com.tracfone.commerce.fleet.migration.commands.TFB2BBulkManageSubscriptionCmdResourceCategory" />
		<ResourceGroupResource Name="com.tracfone.commerce.fleet.migration.commands.TFB2BBulkManageSubscriptionReviewCmdResourceCategory" />
		<ResourceGroupResource Name="com.tracfone.commerce.fleet.migration.commands.TFB2BBulkManageSubscriptionConfirmationCmdResourceCategory" />
		<ResourceGroupResource Name="com.tracfone.commerce.fleet.migration.commands.TFB2BBulkManageSubscriptionSchedulerCmdResourceCategory" />
		<ResourceGroupResource Name="com.tracfone.commerce.fleet.migration.commands.TFB2BBulkActivationCmdResourceCategory" />
		<ResourceGroupResource Name="com.tracfone.commerce.fleet.migration.commands.TFB2BBulkActivationSchedulerCmdResourceCategory" />
		<ResourceGroupResource Name="com.tracfone.commerce.fleet.migration.commands.TFB2BRecurringChargesCmdResourceCategory" />
    </ResourceGroup>
    <ResourceGroup Name="BecomeUserCmdsResourceGroup" OwnerID="RootOrganization"> 
		<ResourceGroupResource Name="com.tracfone.commerce.b2b.fleet.commands.TFB2BActivateTransferCmdResourceCategory" /> 
		<ResourceGroupResource Name="com.tracfone.commerce.b2b.fleet.commands.TFESNOperationsCmdResourceCategory" /> 
		<ResourceGroupResource Name="com.tracfone.commerce.b2b.fleet.commands.TFB2BBulkInstanceCreateCmdResourceCategory" />
		<ResourceGroupResource Name="com.tracfone.commerce.b2b.fleet.commands.TFB2BFleetAddBatchSchedulerCmdCategory" />
		<ResourceGroupResource Name="com.tracfone.commerce.b2b.fleet.commands.TFB2BGetBatchStatusCmdResourceCategory" />
		<ResourceGroupResource Name="com.tracfone.commerce.b2b.fleet.commands.TFIREnrollmentCmdResourceCategory" />
		<ResourceGroupResource Name="com.tracfone.commerce.b2b.fleet.commands.TFB2BBuyAirtimeCmdResourceCategory" />
		<ResourceGroupResource Name="com.tracfone.commerce.fleet.migration.commands.TFB2BBulkBuyAirTimeCmdResourceCategory" />
		<ResourceGroupResource Name="com.tracfone.commerce.fleet.migration.commands.TFB2BBulkPaymentMethodCmdResourceCategory" />
		<ResourceGroupResource Name="com.tracfone.commerce.fleet.migration.commands.TFB2BBulkBuyAirTimeReviewCmdResourceCategory" />
		<ResourceGroupResource Name="com.tracfone.commerce.fleet.migration.commands.TFB2BBulkBuyAirTimeOrderProcessCmdResourceCategory" />
		<ResourceGroupResource Name="com.tracfone.commerce.fleet.migration.commands.TFB2BBulkManageSubscriptionCmdResourceCategory" />
		<ResourceGroupResource Name="com.tracfone.commerce.fleet.migration.commands.TFB2BBulkManageSubscriptionReviewCmdResourceCategory" />
		<ResourceGroupResource Name="com.tracfone.commerce.fleet.migration.commands.TFB2BBulkManageSubscriptionConfirmationCmdResourceCategory" />
		<ResourceGroupResource Name="com.tracfone.commerce.fleet.migration.commands.TFB2BBulkManageSubscriptionSchedulerCmdResourceCategory" />
		<ResourceGroupResource Name="com.tracfone.commerce.fleet.migration.commands.TFB2BBulkActivationCmdResourceCategory" />
		<ResourceGroupResource Name="com.tracfone.commerce.fleet.migration.commands.TFB2BBulkActivationSchedulerCmdResourceCategory" />
		<ResourceGroupResource Name="com.tracfone.commerce.fleet.migration.commands.TFB2BRecurringChargesCmdResourceCategory" />
	</ResourceGroup>
	
</Policies>